,,,0,1,2,3,4,5,6,7,8,9,10,11,12,13,14,15
,,,,A,G,T,C,G,C,C,G,C,T,G,C,T,G,C
,0,,0,1,2,3,4,5,6,7,8,9,10,11,12,13,14,15
,1,A,1,0,1,2,3,4,5,6,7,8,9,10,11,12,13,14
,2,G,2,1,0,1,2,3,4,5,6,7,8,9,10,11,12,13
,3,C,3,2,1,1,1,2,3,4,5,6,7,8,9,10,11,12
,4,G,4,3,2,2,2,1,2,3,4,5,6,7,8,9,10,11
,5,C,5,4,3,3,2,2,1,2,3,4,5,6,7,8,9,10
,6,T,6,5,4,3,3,3,2,2,3,4,4,5,6,7,8,9
,7,T,7,6,5,4,4,4,3,3,3,4,4,5,6,6,7,8
,8,G,8,7,6,5,5,4,4,4,3,4,5,4,5,6,6,7
,9,C,9,8,7,6,5,5,4,4,4,3,4,5,4,5,6,6
,10,T,10,9,8,7,6,6,5,5,5,4,3,4,5,4,5,6
,11,G,11,10,9,8,7,6,6,6,5,5,4,3,4,5,4,5
,12,C,12,11,10,9,8,7,6,6,6,5,5,4,3,4,5,4
